https://product.hstatic.net/1000361048/product/backpack-black-12_58cc086187f443a6a7a7b2019a0dee05_master.jpg,,,,,,,,,,
https://pretavoir.co.uk/cdn/shop/products/prada-pr-17ws-1ab5s0-hd-1.jpg,,,,,,,,,,
https://www.glab.vn/storage/products/2022/10/13/6347d35293433.jpg,,,,,,,,,,
https://i.etsystatic.com/49138384/r/il/619ecc/5695054521/il_300x300.5695054521_sqwd.jpg,,,,,,,,,,
https://www.dtlr.com/cdn/shop/products/Polo-812845237001-M-054.jpg,,,,,,,,,,
https://a.1stdibscdn.com/louis-vuitton-will-we-pharell-palace-slipper-damier-pop-mens-for-sale/v_20572/v_217347621706713509180/v_21734762_1706713509586_bg_processed.jpg,,,,,,,,,,
https://sneakerholicvietnam.vn/wp-content/uploads/2021/07/air-jordan-1-mid-light-smoke-grey-554725-092-1.jpg,,,,,,,,,,
https://theseeker.vn/storage/products/jordan-4-retro-bred-reimagined-0.jpg,,,,,,,,,,
https://sneakerdaily.vn/wp-content/uploads/2021/03/Giay-nam-Air-Jordan-1-Retro-High-OG-Bred-Toe-555088-610.jpg,,,,,,,,,,
https://nrml.ca/cdn/shop/files/VDSCDF.jpg,,,,,,,,,,
https://giaysneaker.com.vn/public/media//nike_air_jordan_1_retro_high_university_blue_jordan_xanh_(1).jpg,,,,,,,,,,
https://sneakerdaily.vn/wp-content/uploads/2022/11/Giay-Jordan-1-Retro-High-OG-Bleached-Coral-GS-575441-108-6.jpg,,,,,,,,,,
https://sneakerdaily.vn/wp-content/uploads/2024/04/Giay-Air-Jordan-1-Retro-High-OG-Green-Glow-DZ5485-130.jpg,,,,,,,,,,
https://glab.vn/storage/products/2022/10/31/480x320/635fbe5970a18.jpg,,,,,,,,,,
https://shopgiayreplica.com/wp-content/uploads/2021/05/Jordan-4-Retro-University-Blue-replica-800x650.jpg,,,,,,,,,,
https://shopgiayreplica.com/wp-content/uploads/2023/05/jordan-4-taupe-haze-800x650.jpg,,,,,,,,,,
https://glab.vn/storage/products/2023/10/26/480x320/653a363577d6f.jpg,,,,,,,,,,
https://cdn2.bigcommerce.com/server3500/jxr0taf/products/48554/images/243480/IMG_8639__59289.1685563026.800.800.jpg,,,,,,,,,,
